{
    "mAP_50_95": 0.5669891379379539,
    "AP50": 0.8028507496731394,
    "AP75": 0.6127044507987772,
    "per_class_AP50": {
        "temoin:0": 1.0,
        "temoin:25": 0.9437264560996812,
        "temoin:50": 0.9026581041463073,
        "temoin:75": 0.9090909090909091,
        "temoin:80": 0.9,
        "temoin:90": 0.7857142857142858,
        "temoin:95": 0.0,
        "temoin:100": 0.9816162423339315
    },
    "per_class_AP75": {
        "temoin:0": 0.25,
        "temoin:25": 0.6055546887189889,
        "temoin:50": 0.7942185117967334,
        "temoin:75": 0.9090909090909091,
        "temoin:80": 0.7200000000000001,
        "temoin:90": 0.7857142857142858,
        "temoin:95": 0.0,
        "temoin:100": 0.8370572110693009
    },
    "num_ground_truth": 145,
    "num_predictions": 260,
    "class_names": [
        "temoin:0",
        "temoin:25",
        "temoin:50",
        "temoin:75",
        "temoin:80",
        "temoin:90",
        "temoin:95",
        "temoin:100"
    ]
}