{
    "mAP_50_95": 0.6914941479449,
    "AP50": 0.934048497044179,
    "AP75": 0.8111849138037568,
    "per_class_AP50": {
        "temoin:0": 0.8571428571428571,
        "temoin:25": 0.9680776014109348,
        "temoin:50": 0.94375,
        "temoin:75": 0.8749999999999999,
        "temoin:80": 0.8674168968286615,
        "temoin:90": 0.9610006209709789,
        "temoin:95": 1.0,
        "temoin:100": 1.0
    },
    "per_class_AP75": {
        "temoin:0": 0.8571428571428571,
        "temoin:25": 0.7630098296764964,
        "temoin:50": 0.94375,
        "temoin:75": 0.7296874999999999,
        "temoin:80": 0.7655195430930726,
        "temoin:90": 0.8550507355018141,
        "temoin:95": 0.7024793388429753,
        "temoin:100": 0.8728395061728395
    },
    "num_ground_truth": 141,
    "num_predictions": 243,
    "class_names": [
        "temoin:0",
        "temoin:25",
        "temoin:50",
        "temoin:75",
        "temoin:80",
        "temoin:90",
        "temoin:95",
        "temoin:100"
    ]
}